Job Name,Sun,Mon,Tue,Wed,Thu,Fri,Sat,Description,Bid Destination
B418,9:30,,2:00,,2:00,,10:20,Sun: BETPA>VVSPA>BETPA>AEHPA>BETPA>LULPA>BETPA>ZRRPA>BETPA Tue: BETPA>BURMD>BETPA Wed: BETPA>STAVA>BETPA Sat: BETPA>180QV>BETPA>MKSPA>BETPA,STAVA
B420,9:30,9:30,,,,,9:30,Sun: BETPA>AILPA>BETPA>QVBPA>BETPA>MKSPA>BETPA Mon: BETPA>MKSPA>BETPA>MKSPA>BETPA>BBNPA>BETPA>MKSPA>BETPA Fri: BETPA>Shift>NCTPA>BETPA>RADPA>BETPA>Shift Sat: BETPA>ZARPA>BETPA>ABE3>ALLPA>180QV>EZRPA>BETPA,EZRPA
B416,10:00,10:00,,,,,10:00,Sun: BETPA>NCTPA>BETPA>EZRPA>ALLPA>NCTPA>BETPA Mon: BETPA>UNXPA>BETPA>MEIPA>BETPA>BAYNJ>BETPA Fri: BETPA>Shift>VDKPA>BETPA>BAYNJ>BETPA Sat: BETPA>ABE4>ALLPA>NSOPA>BETPA,EZRPA
LV92,10:00,10:00,,,,,10:00,Sun: BETPA>SMKPA>BETPA>QVBPA>BETPA>180QV>BETPA>ULIPA>BETPA Mon: BETPA>RADG1>BETPA>CRYPA>BETPA>TRENJ>BETPA Fri: BETPA>DSVPA>BETPA>KLIPA>BETPA>Shift>MKSPA>BETPA Sat: BETPA>ALLPA>Shift>QVBPA>BETPA>QVBPA>BETPA>LULPA>BETPA>NCTPA>BETPA,TRENJ
B419,11:00,11:00,,,,11:30,11:00,Sun: BETPA>NCTPA>BETPA>BENPA>BETPA>180QV>EZRPA>BETPA>SHBPA>BETPA Mon: BETPA>NCTPA>BETPA>KIMPA>BETPA>EZRPA>BETPA Fri: BETPA>NCTPA>BETPA>ULNPA>BURMD>BETPA Sat: BETPA>NCTPA>BETPA>ABE2>ALLPA>GVBPA>BETPA,BURMO
LVP2,12:00,13:00,13:00,,13:00,13:00,,Sun: BETPA>ABE4>BETPA>180QV>BETPA>SVCPA>BETPA>AILPA>BETPA>NSOPA>BETPA Mon-Thu: BETPA>UNXPA>BETPA>KLIPA>BETPA>MKSPA>BETPA>ALLPA>BETPA,180QV
BUB4,13:30,14:45,14:45,,14:45,14:45,,Sun: BETPA>MKSPA>BETPA>AVPA>BETPA Mon-Wed: BETPA>180QV>Shift>EZRPA>BETPA>NOBG>MEANJ>BETPA Thu: BETPA>180QV>Shift>EZRPA>BETPA,EZRPA
BESY,14:30,15:15,,,15:15,15:15,,"Sun: BETPA>180QV>BETPA>QVBPA>BETPA>ULNPA>Shift>BETPA Mon, Wed: BETPA>SMOPA>BETPA>Shift>SYRNY>BETPA Thu: BETPA>SMOPA>BETPA>Shift",SYRNY
BEC2,14:40,16:15,,,,18:30,18:45,Sun: BETPA>ULNPA>BETPA>ULNPA>BETPA>EZRPA>BETPA Mon: BETPA>OREPA>BURMD>BETPA Thu: BETPA>ULNPA>NEWPA>BETPA Fri: Shift/WAA,NEWPA
B415,15:45,15:45,,,,15:00,16:00,Sun: BETPA>ULIPA>BETPA>ULNPA>BETPA Mon: BETPA>ULNPA>NEWPA>BETPA Fri: BETPA>SMOPA>BETPA>SYRNY>BETPA Sat: BETPA>ALLPA>PHLPA>180QV>EZRPA>BETPA,NEWPA
LV87,20:50,21:00,21:00,,21:00,21:00,,"Sun: BETPA>MEANJ>EWR55>BETPA Mon: BETPA>BURMD>HVAMD>BETPA Tue, Thu: BETPA>BURMD>BALMD>HBGRR>EZRPA>BETPA Wed: BETPA>BURMD>GAIMD>EZRPA>HBGRR>EZRPA>BETPA",GAIMD
LV89,,0:30,0:30,,0:30,0:30,,Mon: BETPA>TEN1>BETPA>BETPA Tue: BETPA>WILPA>ALLPA>BETPA>NCTPA>BETPA Wed-Fri: BETPA>WILPA>ALLPA>NCTPA>BETPA,WILPA
LV17,,1:00,2:00,,2:00,2:00,,Mon: BETPA>HARCT>WBAPA>BETPA Tue: BETPA>BOMD>NWTVA>BETPA Wed: BETPA>BOMD>BALMD>EZRPA>BETPA Thu: BETPA>BOMD>BALMD>BETPA,NWTVA
BEC1,,3:30,4:00,,4:00,4:00,,Mon: BETPA>OLPPA>BETPA>ADDPA>BETPA Tue: BETPA>NEWPA>CRLPA>BETPA Wed-Thu: BETPA>NEWPA>BETPA,NEWPA
BPU9,,6:10,6:10,,6:10,6:10,6:10,Mon-Fri: BETPA>GRRPA>BETPA>LULPA>BETPA>GOAPA>BETPA>THEPA>BETPA>ZARPA>BETPA>LULPA>BETPA>JBXPA>BETPA>AFOPA>SBKPA>NRIPA>BETPA>GRRPA>BETPA,THEPA
BDP1,,6:30,6:30,,6:30,6:30,6:30,Mon-Thu: BETPA>TSWPA>BETPA>MDAPA>BETPA>RADPA>BETPA>MKSPA>BETPA>WMNPA>MKSPA>CRYPA>FPZPA>REBPA>BETPA>TSWPA>BETPA>MDAPA>BETPA Fri: BETPA>TSWPA>BETPA>MKSPA>BETPA>WMNPA>MKSPA>CRYPA>FPZPA>BETPA>TSWPA>BETPA>MDAPA>BETPA,MKSPA
BPU3,,6:30,6:30,,6:30,6:30,6:30,Mon-Fri: BETPA>Shift>ABE2>BETPA>INXPA>BETPA>GEOPA>BETPA>NCTPA>BETPA,ABE2
LV55,,6:30,5:55,,,3:45,6:30,BETPA>Shift>AEHPA>BETPA,NEWPA
LV56,,7:00,7:00,,7:00,7:00,7:00,Mon-Fri: BETPA>VVSPA>BETPA>VDKPA>BETPA>BENPA>BETPA,BENPA
BP02,,8:00,8:00,,8:00,8:00,8:00,Mon-Fri: BETPA>VUPPA>BETPA>LCBPA>BETPA>QVBPA>BETPA,BENPA
LV21,,8:00,8:00,,8:00,8:00,8:00,Mon-Fri: BETPA>Shift>ABE3>BETPA>VUPPA>BETPA,VUPPA
BPU5,,8:30,8:30,,8:30,8:30,8:30,Mon-Fri: BETPA>INGPA>BETPA>MKSPA>BETPA>UNXPA>BETPA,INGPA
BPU4,,9:00,9:00,,9:00,9:00,9:00,Mon-Fri: BETPA>MKSPA>BETPA>MKSPA>BETPA>KIMPA>BETPA,KIMPA
BP01,,,9:00,9:00,9:00,9:00,9:00,Mon-Fri: BETPA>RDG1>BETPA>MGTPA>MRYPA>MCFPA>BETPA,RDG1
BSP1,,,9:00,9:00,9:00,9:00,9:00,Mon-Fri: BETPA>Shift>FLPPA>BETPA>ULNPA>BETPA>ABE2>Shift,ULNPA
LVP1,,,9:15,9:15,9:50,9:50,,Mon-Wed: BETPA>Shift>KIMPA>BETPA>AILPA>BETPA>MKSPA>BETPA Thu-Fri: BETPA>Shift>KIMPA>BETPA>AILPA>BETPA>MKSPA>BETPA>Shift,KIMPA
LV20,,,9:40,9:40,9:40,9:40,,Mon-Fri: BETPA>Shift>MKSPA>BETPA>VRIPA>DSVPA>BETPA>ULIPA>BETPA,VRIPA
LV58,,,9:45,9:45,9:45,9:45,,Mon-Fri: BETPA>NSOPA>BETPA>CORPA>BETPA>NSOPA>BETPA,NSOPA
LV44,,,10:15,10:15,10:15,10:15,10:15,Mon-Fri: BETPA>RALPA>BETPA>QVBPA>BETPA>FIRPA>BETPA,FIRPA
LV34,,,10:30,10:30,10:30,10:30,10:30,Mon: BETPA>TPCPA>BETPA>ABE4>BETPA>NLTPA>FISPA>BETPA>ULNPA>BETPA Wed: BETPA>TPCPA>BETPA>ABE4>BETPA>NLTPA>FISPA>BETPA>Shift Thu: BETPA>TPCPA>BETPA>ABE4>BETPA>FISPA>BETPA>ULNPA>BETPA>ULNPA>BETPA>ULNPA>BETPA Fri: BETPA>TPCPA>BETPA>ABE4>BETPA>NLTPA>BETPA,TPCPA
LV93,,,10:40,10:40,10:40,10:40,10:40,Mon-Thu: BETPA>MKSPA>BETPA>BRUPA>BETPA>WLWPA>BETPA>EWR55>BETPA Fri: BETPA>MKSPA>BETPA>BRUPA>BETPA>WLWPA>BETPA>TEN1>BETPA,EWR55
BPU1,,,11:30,11:30,11:30,11:30,11:30,Mon: BETPA>VUPPA>BETPA>SMWPA>BETPA>Shift>TEN1>BETPA Tue-Fri: BETPA>VUPPA>BETPA>SMWPA>BETPA>TEN1>BETPA,VUPPA
LV35,,,11:30,11:30,11:30,11:30,11:30,"Mon, Fri, Wed: BETPA>ABE4>BETPA>ABE4>BETPA>ABE4>BETPA>WBRPA>BETPA>Shift>ALLPA>Shift>BETPA Tue: BETPA>ABE4>BETPA>ABE4>BETPA>ABE4>BETPA>WBRPA>BETPA>ALLPA>BETPA Thu: BETPA>ABE4>BETPA>ABE4>BETPA>ABE4>BETPA>WBRPA>BETPA>ALLPA>BETPA",WBRPA
LV36,,,12:00,11:10,12:00,12:00,12:00,Mon-Fri: BETPA>ULIPA>BETPA>BBNPA>BETPA>CCIPA>Shift,ULIPA
LV48,,,12:00,12:00,12:00,12:00,12:00,Mon-Thu: BETPA>AVP9>CESPA>BETPA>MKSPA>BETPA>TEN1>BETPA Fri: BETPA>AVP9>CESPA>BETPA>MKSPA>BETPA>TEN1>ALLPA>BETPA,AVP9
LV25,,,12:15,12:15,12:15,12:15,12:15,Mon: BETPA>CFDPA>BETPA>TEN1>BETPA Tue-Fri: BETPA>CFDPA>BETPA,CFDPA
AMO2,,,12:30,12:30,12:30,12:30,,"Mon, Fri, Thu: BETPA>ABE3>BETPA>ULIPA>BETPA Tue-Wed: BETPA>ABE3>BETPA>ULIPA>BETPA>PARNJ>BETPA",PARNJ
LV30,,,12:30,12:30,12:30,12:30,12:30,Mon-Fri: BETPA>AILPA>BETPA>BRDPA>BETPA>LULPA>BETPA>ULNPA>BETPA,ULNPA
RDG3,,,12:30,12:30,12:30,12:30,12:30,Mon-Thu: BETPA>RDG1>BETPA>ULNPA>CRBNJ>TRENJ>BETPA Fri: BETPA>RDG1>BETPA>ULNPA>MEANJ>BETPA,CRBNJ
BUM4,,,13:00,13:00,13:00,13:00,13:00,Mon-Thu: BETPA>SMAPA>SMWPA>BETPA>ULNPA>CRBNJ>BETPA Fri: BETPA>SMAPA>SMWPA>BETPA>ULNPA>MEANJ>CRBNJ>BETPA,CRBNJ
LV18,,,13:00,13:00,13:00,13:00,,Mon: BETPA>NLTPA>BETPA>QVBPA>BETPA>MEANJ>BETPA Tue: BETPA>NLTPA>BETPA>QVBPA>BETPA Wed: BETPA>NLTPA>BETPA>QVBPA>BETPA>SADNJ>BETPA Thu: BETPA>NLTPA>BETPA>QVBPA>BETPA>PARNJ>SADNJ>BETPA,MEANJ
LV54,,,13:00,13:00,13:00,13:00,13:00,Mon: BETPA>MKSPA>BETPA>CR2PA>BETPA>GMCPA>BETPA>BAYNJ>BETPA Tue: BETPA>MKSPA>BETPA>CR2PA>BETPA>GMCPA>BETPA>TEN1>BETPA Wed: BETPA>MKSPA>BETPA>CR2PA>BETPA>GMCPA>BETPA Thu: BETPA>MKSPA>BETPA>CR2PA>BETPA>CRLPA>ALLPA>BETPA Fri: BETPA>MKSPA>BETPA>CR2PA>BETPA>GMCPA>BETPA>WILPA>BETPA,CRLPA
LV42,,,13:15,13:15,13:15,13:15,13:15,Mon-Thu: BETPA>AEHPA>BETPA>REAPA>EZRPA>ALLPA>BETPA Fri: BETPA>AEHPA>BETPA>REAPA>EZRPA>BETPA,EZRPA
BEMP,,,13:30,13:30,13:30,13:30,13:30,Mon-Fri: BETPA>VDKPA>BETPA>MYDPA>BETPA>MKSPA>Shift>SHBPA>BETPA>ULNPA>BETPA,ULNPA
BE04,,,13:30,13:30,13:30,13:30,13:30,Mon-Fri: BETPA>MKSPA>BETPA>MKSPA>BETPA>CRBNJ>BETPA,CRBNJ
BE05,,,13:30,13:30,13:30,13:30,13:30,"Mon: BETPA>SWTPA>BETPA>EZRPA>ALLPA>BETPA Tue, Fri: BETPA>SWTPA>BETPA>BAYNJ>BETPA Wed: BETPA>SWTPA>BETPA Thu: BETPA>SWTPA>BETPA>M43NY>BETPA",M43NY
BSH4,,,13:30,13:30,13:30,13:30,13:30,Mon: BETPA>TPCPA>BETPA>VRIPA>BETPA>ALLPA>BETPA Tue: BETPA>TPCPA>BETPA>VRIPA>BETPA>TEN1>BETPA Wed: BETPA>TPCPA>BETPA>VRIPA>BETPA>ALLPA>BETPA Thu: BETPA>TPCPA>BETPA>VRIPA>BETPA>Shift>HOVPA>BETPA Fri: BETPA>TPCPA>BETPA>VRIPA>BETPA>HOVPA>BETPA,TPCPA
LV10,,,13:30,13:30,13:30,13:30,13:30,Mon-Fri: BETPA>MHBPA>BETPA>ULIPA>ALLPA>BETPA,ULIPA
BE20,,,13:45,13:45,13:45,13:45,13:45,"Mon, Thu, Tue: BETPA>QVBPA>BETPA>ZRRPA>BETPA>SADNJ>BETPA Wed: BETPA>QVBPA>BETPA>ZRRPA>BETPA>BAYNJ>BETPA Fri: BETPA>QVBPA>BETPA>ZRRPA>BETPA>816>BETPA",SADNJ
BSH3,,,14:00,14:00,14:00,14:00,14:00,Mon-Fri: BETPA>INGPA>BETPA>ULNPA>BAYNJ>BETPA>Shift,BAYNJ
LV05,,,14:00,14:00,14:00,14:00,14:00,Mon-Thu: BETPA>CNSPA>BLRPA>KNOPA>BETPA>MKSPA>BETPA>MKSPA>BETPA>ULNPA>BETPA Fri: BETPA>CNSPA>BLRPA>KNOPA>BETPA>MKSPA>BETPA>MKSPA>BETPA,KNOPA
LV28,,,14:00,14:00,14:00,14:00,14:00,Mon-Thu: BETPA>ZRRPA>BETPA>ZARPA>BETPA>CCIPA>BETPA>MKSPA>Shift>BETPA Fri: BETPA>ZRRPA>BETPA>ZARPA>BETPA>CCIPA>BETPA,CCIPA
BEU3,,,14:15,14:15,14:15,14:15,14:15,Mon-Fri: BETPA>ULNPA>SYRNY>BETPA,SYRNY
LV16,,,14:15,14:15,14:15,14:15,14:15,Mon: BETPA>RALPA>BETPA>HBGRR>EZRPA>BETPA Tue: BETPA>RALPA>BETPA>Shift>BAYNJ>BETPA Wed: BETPA>RALPA>BETPA>EZRPA>ALLPA>BETPA Thu: BETPA>RALPA>BETPA>Shift>EZRPA>BETPA Fri: BETPA>RALPA>BETPA>180QV>BETPA>HBGRR>BETPA,EZRPA
LV26,,,14:15,14:15,14:15,14:15,14:15,Mon: BETPA>RALPA>BETPA>MAJPA>BETPA>ALLPA>PHLPA>BETPA Tue-Wed: BETPA>RALPA>BETPA>MAJPA>BETPA>ULNPA>CRBNJ>BETPA Thu: BETPA>RALPA>BETPA>MAJPA>BETPA>BAYNJ>BETPA Fri: BETPA>RALPA>BETPA>MAJPA>BETPA,CRBNJ
LV13,,,14:20,14:20,14:20,14:20,14:20,Mon-Thu: BETPA>MKSPA>BETPA>MKSPA>BETPA>MKSPA>BETPA>ULNPA>BETPA Fri: BETPA>MKSPA>BETPA>MKSPA>BETPA>MKSPA>BETPA,ULNPA
LV15,,,14:25,14:25,14:25,14:25,14:25,Mon-Thu: BETPA>OLYPA>BETPA>NCTPA>BETPA>BRUPA>BETPA Fri: BETPA>OLYPA>BETPA>NCTPA>BETPA>Shift>BURMD>BETPA,OLYPA
LV37,,,14:30,14:30,14:30,14:30,14:30,Mon: BETPA>180QV>BETPA>SVCPA>BETPA>MKSPA>ALLPA>EZRPA>BETPA Tue: BETPA>180QV>BETPA>SVCPA>BETPA>MKSPA>ALLPA>BETPA>WILPA>ALLPA>BETPA Wed: BETPA>180QV>BETPA>SVCPA>BETPA>MKSPA>ALLPA>BETPA>SADNJ>BETPA Thu: BETPA>180QV>BETPA>SVCPA>BETPA>MKSPA>ALLPA>BETPA Fri: BETPA>180QV>BETPA>SVCPA>BETPA>MKSPA>ALLPA>BETPA>HBGRR>BETPA,EZRPA
BBU3,,,14:55,14:55,14:55,14:55,14:55,Mon: BETPA>180QV>BURMD>EZRPA>BETPA Tue-Thu: BETPA>180QV>BURMD>BETPA Fri: BETPA>180QV>BURMD>BETPA,EZRPA
BUH1,,,15:00,15:00,15:00,15:00,15:00,Mon-Fri: BETPA>ULNPA>HARCT>BETPA,HARCT
AMO1,,,15:30,15:30,15:30,15:30,15:30,Mon: BETPA>FLPPA>BETPA>BAYNJ>M43NY>BETPA Tue: BETPA>FLPPA>BETPA Wed-Thu: BETPA>FLPPA>BETPA>MELNY>BETPA Fri: BETPA>FLPPA>BETPA>BAYNJ>BETPA,MELNY
BUI1,,,15:30,15:30,15:30,15:30,15:30,Mon-Thu: BETPA>CTXPA>BETPA>Shift>ULNPA>BAYNJ>BETPA Fri: BETPA>CTXPA>BETPA>Shift>ULNPA>MEANJ>BETPA,MEANJ
BUB1,,,15:45,15:45,15:45,15:45,15:45,"Mon: BETPA>ULNPA>BURMD>GAIMD>EZRPA>BETPA Tue, Thu: BETPA>ULNPA>BURMD>EZRPA>BETPA Wed: BETPA>ULNPA>BURMD>BURMD>EZRPA>ALLPA>BETPA Fri: BETPA>ULNPA>BURMD>ULNPA>BETPA",GAIMD
BNA1,,,16:00,16:00,16:00,16:00,16:00,Mon: BETPA>MKSPA>BETPA>ULNPA>BAYNJ>PARNJ>BETPA Tue-Fri: BETPA>MKSPA>BETPA>ULNPA>BAYNJ>BETPA,BAYNJ
BSH2,,,16:15,16:15,16:15,16:15,16:15,Mon: BETPA>GOAPA>BETPA>Shift>ALLPA>CRLPA>ALLPA>BETPA Tue-Thu: BETPA>GOAPA>BETPA>Shift>EZRPA>CRLPA>BETPA Fri: BETPA>GOAPA>BETPA>Shift>EZRPA>BETPA,CRLPA
BUH2,,,16:35,16:35,16:35,16:35,16:35,Mon-Fri: BETPA>ULNPA>HARCT>BETPA,HARCT
BUB2,,,17:40,17:40,17:40,17:40,17:40,Mon: BETPA>ULNPA>BURMD>EZRPA>CRLPA>BETPA Tue: BETPA>ULNPA>BURMD>BETPA Wed: BETPA>ULNPA>BURMD>WILPA>BETPA Thu: BETPA>ULNPA>BURMD>CRLPA>BETPA Fri: BETPA>ULNPA>BURMD>BALMD>BETPA,BURMD
BEWR,,,18:00,18:00,18:00,18:00,,Mon: BETPA>EWR55>BETPA>EZRPA>CRLPA>BETPA Tue: BETPA>EWR55>BETPA>HBGRR>EZRPA>BETPA Wed-Thu: BETPA>EWR55>BETPA>EZRPA>BETPA,CRLPA
BUH3,,,18:00,18:00,18:00,18:00,21:15,Mon: BETPA>ALLPA>ULNPA>HARCT>BETPA Tue-Thu: BETPA>ULNPA>HARCT>BETPA Fri: BETPA>Shift>HBGRR>BETPA,HARCT
BUB3,,,18:25,18:25,18:25,,,"Mon: BETPA>ULNPA>BURMD>EZRPA>BETPA Tue, Thu: BETPA>ULNPA>BURMD>ULNPA>BETPA Wed: BETPA>ULNPA>BURMD>WILPA>BETPA",BURMD
BUH4,,,18:25,18:25,18:25,,18:25,"Mon, Wed, Fri, Tue: BETPA>ULNPA>HARCT>BETPA",HARCT
BE06,,,18:30,18:30,,18:30,18:30,"Mon, Thu: BETPA>Shift>SYRNY>BETPA Tue: BETPA>SMOPA>BETPA>SYRNY>BETPA Fri: BETPA>ULNPA>HARCT>BETPA",HARCT
BMEL,,,18:30,18:30,,18:30,18:30,Mon: BETPA>BURMD>GAIMD>EZRPA>ALLPA>BETPA Tue: BETPA>BURMD>WILPA>BETPA Thu: BETPA>BURMD>Shift>EZRPA>ALLPA>BETPA Fri: BETPA>OREPA>WILPA>ALLPA>BETPA,GAIMD
BUN1,,,18:30,18:30,18:30,,18:30,"Mon, Wed: BETPA>ULNPA>NEWPA>BETPA Tue, Fri: BETPA>ULNPA>NEWPA>ALLPA>BETPA",NEWPA
BNA4,,,19:00,19:00,19:00,19:00,19:00,Mon-Fri: BETPA>NASNY>EZRPA>BETPA,NASNY
B432,,,19:30,20:45,20:45,20:45,20:45,Mon: BETPA>BAYNJ>M43NY>BETPA>EZRPA>BETPA Tue: BETPA>M43NY>BETPA>EZRPA>BETPA Wed: BETPA>BAYNJ>BETPA>EZRPA>BETPA Thu: BETPA>M43NY>BETPA>RUTPA>EZRPA>BETPA Fri: BETPA>ALLPA>BETPA>EZRPA>MDTAS>ALLPA>BETPA,MDTAS
LV12,,,19:30,20:30,20:30,20:30,20:30,Mon: BETPA>EZRPA>BETPA>EZRPA>BETPA Tue: BETPA>BURMD>EZRPA>BETPA Wed: BETPA>BURMD>ABEMD>BETPA Thu: BETPA>BURMD>WILPA>BETPA Fri: BETPA>EZRPA>CRLPA>BETPA>RUTPA>BETPA,BURMD
BE99,,,19:55,19:55,19:55,19:55,19:55,Mon: BETPA>EWR55>BETPA>HBGRR>EZRPA>BETPA Tue-Wed: BETPA>EWR55>BETPA>WBAPA>BETPA Thu: BETPA>EWR55>BETPA>Shift Fri: BETPA>EWR55>ALLPA>EZRPA>BETPA,EZRPA
BEZ1,,,20:00,20:00,20:00,20:00,21:00,Mon-Tue: BETPA>EZRPA>BETPA>EZRPA>BETPA Wed-Thu: BETPA>EZRPA>BETPA Fri: BETPA>PRORI>BETPA,PRORI
BE16,,,20:00,21:15,21:00,21:00,,Mon: BETPA>TOMVA>BETPA Tue-Wed: BETPA>WORMA>BETPA Thu: BETPA>ALBNY>BETPA,WORMA
B413,,,20:00,20:00,,18:25,18:20,Mon: BETPA>NWTVA>BETPA Tue: BETPA>PRORI>BETPA Thu: BETPA>ULNPA>HARCT>BETPA Fri: BETPA>EWR55>BETPA,PRORI
LV72,,,20:00,20:00,20:00,20:00,,"Mon, Wed: BETPA>ELMNY>BETPA>EZRPA>BETPA Tue: BETPA>ELMNY>BETPA>EZRPA>ALLPA>BETPA Thu: BETPA>HBGRR>BETPA>HBGRR>BETPA",ELMNY
BE11,,,20:30,20:30,20:30,20:30,20:30,Mon-Thu: BETPA>SYRNY>BETPA Fri: BETPA>ALBNY>BETPA,ALBNY
BBU1,,,21:00,20:00,20:00,20:00,20:00,Mon: BETPA>SYRNY>BETPA Tue: BETPA>OREPA>BETPA>EZRPA>BETPA Wed-Thu: BETPA>OREPA>BETPA>Shift Fri: BETPA>BURMD>EZRPA>BETPA,SYRNY
BCP1,,,21:00,21:00,21:00,22:00,22:00,Mon: BETPA>Shift>REAPA>BETPA>Shift>CRLPA>BETPA Tue-Wed: BETPA>ALLPA>CRLPA>BETPA>CRLPA>BETPA Thu-Fri: BETPA>CRLPA>BETPA,CRLPA
BEN2,,,21:00,21:00,21:00,,22:00,Mon: BETPA>NEWPA>BETPA Tue-Wed: BETPA>SYRNY>BETPA Fri: BETPA>EZRPA>BETPA>HBGRR>EZRPA>AMMPA>BETPA,NEWPA
BHA2,,,21:00,21:00,21:00,21:00,21:00,Mon: BETPA>STRCT>EASNJ>PARNJ>ALLPA>BETPA Tue-Fri: BETPA>STRCT>PARNJ>ALLPA>BETPA,STRCT
BM43,,,21:00,21:00,21:00,21:00,21:00,"Mon: BETPA>M43NY>BETPA>WCHPA>BETPA Tue, Fri, Thu: BETPA>BAYNJ>BETPA>Shift>WCHPA>BETPA Wed: BETPA>BAYNJ>BETPA>WCHPA>BETPA",M43NY
BSY1,,,21:00,21:00,21:00,21:00,21:00,Mon: BETPA>ALBNY>OLPPA>BETPA Tue-Wed: BETPA>ALBNY>BETPA Thu-Fri: BETPA>SYRNY>BETPA,ALBNY
BSY2,,,21:00,21:00,21:00,,21:00,"Mon, Wed, Fri, Tue: BETPA>SYRNY>BETPA",SYRNY
BWA1,,,21:00,21:00,21:00,21:00,21:00,Mon-Fri: BETPA>WATCT>BETPA,WATCT
BWIL,,,21:00,21:00,21:00,21:00,20:45,Mon: BETPA>OREPA>BURMD>EZRPA>BETPA Tue: BETPA>TOMVA>BETPA Wed: BETPA>WILPA>BETPA Thu: BETPA>HBGRR>EZRPA>WCHPA>WILPA>BETPA Fri: BETPA>BURMD>HBGRR>EZRPA>BETPA,TOMVA
LV39,,,21:00,21:00,21:00,21:00,,Mon-Thu: BETPA>HARCT>BETPA>Shift,HARCT
LV50,,,21:00,21:00,21:00,21:00,21:00,Mon: BETPA>BURMD>HBGRR>BETPA Tue-Wed: BETPA>OREPA>BETPA>TEN1>BETPA Thu: BETPA>OREPA>BETPA>EZRPA>BETPA Fri: BETPA>OREPA>BURMD>RUTPA>EZRPA>BETPA,BURMD
LV62,,,21:00,21:00,21:00,21:00,21:00,Mon: BETPA>BURMD>EZRPA>BETPA Tue-Thu: BETPA>BURMD>LANPA>BETPA Fri: BETPA>BURMD>CRLPA>BETPA,BURMD
LV69,,,21:00,21:00,21:00,21:00,,"Mon: BETPA>PRORI>BETPA Tue, Thu: BETPA>EZRPA>ALLPA>BETPA>HBGRR>EZRPA>BETPA Wed: BETPA>HBGRR>EZRPA>BETPA",PRORI
LV74,,,21:00,21:00,21:00,21:00,21:00,Mon: BETPA>PHLPA>BETPA>Shift>PHLPA>BETPA Tue-Wed: BETPA>ALLPA>PHLPA>BETPA>PHLPA>BETPA Thu-Fri: BETPA>ALLPA>PHLPA>BETPA>Shift>PHLPA>BETPA,PHLPA
LV78,,,21:00,22:00,22:00,22:00,22:00,Mon: BETPA>EZRPA>HBGRR>BETPA>HBGRR>BETPA Tue: BETPA>NOBG>MEANJ>BETPA>EZRPA>AMMPA>BETPA Wed: BETPA>EZRPA>BETPA>HBGRR>BETPA Fri: BETPA>WBAPA>BETPA,EZRPA
LV86,,,21:00,21:00,21:00,21:00,21:00,Mon: BETPA>NOBG>MEANJ>BETPA>Shift>REAPA>QVBPA>BETPA Tue-Wed: BETPA>MQUNY>ISLNY>BETPA>REAPA>QVBPA>BETPA Thu: BETPA>STRCT>BETPA,EZRPA
BCT2,,,21:15,21:15,21:15,21:15,21:15,Mon: BETPA>BURMD>EZRPA>BETPA Tue-Fri: BETPA>STRCT>BETPA>Shift,STRCT
BE10,,,21:15,21:15,21:15,21:15,21:15,"Mon: BETPA>MEANJ>BETPA>Shift>EZRPA>AMMPA>BETPA Tue: BETPA>MEANJ>BETPA>HBGRR>EZRPA>BETPA Wed, Fri: BETPA>MEANJ>BETPA>RUTPA>EZRPA>BETPA Thu: BETPA>MEANJ>BETPA",EZRPA
BHA3,,,21:15,21:15,21:00,,21:00,"Mon, Wed: BETPA>STRCT>BETPA>ALLPA>BETPA Tue: BETPA>STRCT>BETPA Fri: BETPA>BURMD>RUTPA>BETPA",BURMD
BBB3,,,3:15,3:15,3:15,3:30,3:15,Tue: BETPA>BOMD>BALMD>EZRPA>BETPA Wed: BETPA>BOMD>BALMD>BETPA Thu: BETPA>BOMD>HALMD>BETPA Fri: BETPA>Shift>BURMD>HGR2>EZRPA>BETPA Sat: BETPA>Shift>NEWPA>BETPA,NEWPA
BEP1,,,3:30,3:30,3:30,3:30,3:30,Tue: BETPA>UNXPA>BETPA>Shift Wed-Fri: BETPA>EZRPA>BETPA>UNXPA>BETPA>Shift Sat: BETPA>EZRPA>MDTAS>ALLPA>MDTAS>BETPA,MDTAS
LV03,,,3:30,3:30,3:30,3:30,3:30,"Tue, Fri: BETPA>NWTVA>BETPA Wed: BETPA>NWTVA>EZRPA>ALLPA>BETPA Thu: BETPA>NWTVA>EZRPA>BETPA Sat: BETPA>NWTVA>EZRPA>BETPA",NWTVA
BRO1,,,3:30,3:30,3:30,3:30,3:30,Tue-Fri: BETPA>HBGRR>EZRPA>BETPA>EZRPA>BETPA,NWTVA
BEJ1,,,3:30,,3:30,3:30,3:30,Tue-Fri: BETPA>OREPA>BETPA>KIMPA>BETPA Sat: BETPA>OREPA>BETPA>TEN1>BETPA,OREPA
BEDU,,,3:30,5:45,,5:45,6:50,"Tue: BETPA>BOMD>BURMD>BETPA Wed, Sat, Fri: BETPA>DUBPA>BETPA",DUBPA
LV61,,,3:45,3:45,3:45,3:45,,"Tue, Thu: BETPA>BURMD>BETPA Wed: BETPA>EZRPA>BETPA Fri: BETPA>BURMD>HALMD>BETPA",BURMD
LV02,,,4:00,4:00,4:00,4:00,4:00,Tue-Sat: BETPA>NWTVA>BETPA,NWTVA
LV31,,,4:00,4:00,4:00,4:00,,Tue: BETPA>NEWPA>EZRPA>BETPA Wed: BETPA>NWTVA>EZRPA>BETPA Thu: BETPA>BOMD>BURMD>BETPA Fri: BETPA>NEWPA>BETPA Sat: BETPA>HBGRR>CRLPA>BETPA,NEWPA
LV04,,,4:00,4:00,4:00,4:00,4:00,"Tue, Thu: BETPA>TOMVA>CRLPA>BETPA Wed: BETPA>TOMVA>CRLPA>EZRPA>BETPA Fri: BETPA>TOMVA>BETPA Sat: BETPA>HBGRR>EZRPA>BETPA",TOMVA
LV53,,,4:00,4:00,4:00,,4:00,"Tue, Sat, Thu: BETPA>TOMVA>BETPA Wed: BETPA>TOMVA>EZRPA>BETPA",TOMVA
LV68,,,4:00,4:00,4:00,4:00,4:00,Tue: BETPA>NEWPA>EZRPA>ALLPA>BETPA Wed: BETPA>HBGRR>EZRPA>BETPA Thu: BETPA>NWTVA>BETPA Fri-Sat: BETPA>NEWPA>BETPA,NEWPA
BETD,,,4:00,5:15,5:15,5:15,5:15,Tue: BETPA>TOMVA>BETPA Wed-Sat: BETPA>DUBPA>BETPA,TOMVA
LV84,,,4:30,4:30,3:30,3:30,,Tue-Fri: BETPA>BURMD>BETPA Sat: BETPA>ALLPA>BETPA>BURMD>BETPA,BURMD
BLIV,,,5:00,,4:00,4:00,4:00,"Tue: BETPA>DUBPA>BETPA Thu, Sat: BETPA>NEWPA>EZRPA>BETPA Fri: BETPA>NEWPA>BETPA",NEWPA
BSH8,,,11:00,11:00,11:00,11:00,11:00,Tue-Fri: BETPA>Shift>MKSPA>BETPA>GVAPA>BETPA Sat: BETPA>RDG1>PHLPA>BETPA,PHLPA
BUN4,,,16:20,16:20,16:20,16:20,,Tue-Thu: BETPA>ULNPA>NEWPA>ALLPA>BETPA Fri: BETPA>ULNPA>NEWPA>BETPA,NEWPA
LV52,,,,2:30,2:30,3:15,3:15,Wed-Fri: BETPA>TOMVA>BETPA Sat: BETPA>EZRPA>TOMVA>CRLPA>BETPA,TOMVA
BHA5,,,21:15,21:15,20:00,,21:15,Mon-Tue: BETPA>NOWCT>BETPA Wed: BETPA>STAVA>BETPA Fri: BETPA>WBAPA>STRCT>BETPA,STAVA
BHP1,,,21:15,21:15,21:15,21:15,21:15,Mon: BETPA>PARNJ>BETPA>POTPA>HOMPA>BETPA Tue-Thu: BETPA>Shift>TEN1>BETPA>POTPA>HOMPA>BETPA Fri: BETPA>Shift>HOMPA>POTPA>BETPA,POTPA
BNAS,,,21:15,21:15,21:15,21:15,21:15,Mon: BETPA>EDINJ>EASNJ>PARNJ>EZRPA>BETPA Tue: BETPA>PARNJ>BETPA>Shift>ALLPA>BETPA Wed: BETPA>PARNJ>BETPA>Shift>HBGRR>BETPA Thu: BETPA>PARNJ>BETPA>ALLPA>BETPA Fri: BETPA>PARNJ>BETPA>Shift,EZRPA
LV71,,,21:15,,21:00,21:15,21:15,Mon: BETPA>BALMD>BURMD>EZRPA>BETPA Wed: BETPA>PRORI>BETPA Thu: BETPA>RUTPA>CRLPA>BETPA>ALLPA>WILPA>BETPA Fri: BETPA>EZRPA>ALLPA>EZRPA>BETPA,PRORI
LV85,,,21:15,21:15,,21:15,21:00,Mon: BETPA>EZRPA>BETPA>WILPA>BETPA Tue: BETPA>WILPA>BETPA Thu: BETPA>HBGRR>EZRPA>BETPA Fri: BETPA>ALLPA>BETPA>RUTPA>BETPA>RUTPA>BETPA,EZRPA
BBAL,,,21:15,21:15,21:15,21:15,21:15,Mon: BETPA>BALMD>GAIMD>BETPA Tue-Fri: BETPA>BALMD>BETPA,GAIMD
BCT1,,,21:30,21:30,,21:00,21:00,"Mon, Fri, Tue: BETPA>HARCT>BETPA Thu: BETPA>STRCT>HARCT>BETPA",HARCT
BC02,,,21:30,21:30,21:00,,21:30,Mon-Tue: BETPA>STAVA>BETPA Wed: BETPA>EZRPA>BETPA Fri: BETPA>ALLPA>BAYNJ>CRLPA>BETPA,STAVA
BHA4,,,21:45,21:45,21:45,21:45,21:45,Mon: BETPA>NORCT>PARNJ>BETPA>ALLPA>BETPA Tue-Thu: BETPA>NORCT>PARNJ>BETPA>OLPPA>BETPA Fri: BETPA>NORCT>PARNJ>BETPA,NORCT
BLP1,,,22:00,22:00,22:00,22:00,,Mon-Fri: BETPA>Shift>LANPA>BETPA,LANPA
BMDT,,,22:00,22:00,22:00,,,Mon-Thu: BETPA>Shift>FLPPA>BETPA>Shift>EWR55>BETPA,EWR55
BMR2,,,22:00,,22:00,22:00,22:00,"Mon, Thu, Fri, Wed: BETPA>WORMA>BETPA",WORMA
BC01,,,22:00,22:30,22:30,22:30,22:30,"Mon: BETPA>EZRPA>CRLPA>SCRPA>BETPA Tue: BETPA>EZRPA>CRLPA>BETPA Wed, Fri: BETPA>HBGRR>CRLPA>SCRPA>BETPA Thu: BETPA>CRLPA>SCRPA>BETPA",CRLPA
LV06,,,22:00,22:00,22:00,21:00,,Mon: BETPA>CRBNJ>WILPA>ALLPA>BETPA>HBGRR>BETPA Tue: BETPA>NEWPA>BETPA Wed: BETPA>EZRPA>BETPA Thu: BETPA>CRBNJ>WILPA>ALLPA>BETPA Fri: BETPA>SYRNY>BETPA,NEWPA
LV19,,,22:00,22:00,22:00,21:00,,Mon-Tue: BETPA>DULVA>BETPA Wed-Thu: BETPA>BURMD>DULVA>BETPA Fri: BETPA>CRBNJ>EZRPA>BETPA,DULVA
BWW1,,,0:00,0:00,0:00,0:00,0:00,"Tue, Fri: BETPA>WCHPA>BETPA>WILPA>BETPA Wed: BETPA>WCHPA>BETPA>TEN1>BETPA Thu: BETPA>WCHPA>BETPA>WILPA>BETPA>QVBPA>BETPA Sat: BETPA>WCHPA>BETPA>HBGRR>BETPA",WCHPA
BRE1,,,0:00,0:00,0:00,0:00,0:00,Tue: BETPA>OREPA>PHLPA>ALLPA>BETPA>EZRPA>BETPA Wed: BETPA>OREPA>PHLPA>ALLPA>BETPA>Shift Thu-Fri: BETPA>OREPA>WILPA>ALLPA>BETPA>RUTPA>EZRPA>BETPA Sat: BETPA>OREPA>PHLPA>ALLPA>BETPA,EZRPA
BC03,,,0:15,0:15,0:15,,,Tue-Fri: BETPA>CRLPA>BETPA>AVP9>BETPA,CRLPA
BWW2,,,0:30,0:30,0:30,0:30,0:30,Tue: BETPA>WILPA>BETPA>TEN1>BETPA Wed: BETPA>WILPA>ALLPA>BETPA>EZRPA>BETPA Thu: BETPA>WILPA>BETPA>EZRPA>BETPA Fri: BETPA>WILPA>BETPA>RUTPA>EZRPA>AMMPA>BETPA Sat: BETPA>WILPA>BETPA>HBGRR>BETPA,EZRPA
LV81,,,1:00,1:00,1:00,1:00,,"Tue, Thu: BETPA>TOMVA>EZRPA>BETPA Wed, Fri: BETPA>TOMVA>BETPA",TOMVA
LV07,,,2:00,,,2:00,2:00,Tue: BETPA>NWTVA>EZRPA>BETPA Thu: BETPA>Shift>HBGRR>EZRPA>AMMPA>BETPA Fri: BETPA>HBGRR>EZRPA>BETPA Sat: BETPA>Shift>REAPA>BETPA>EZRPA>BETPA,NWTVA
LV32,,,2:30,4:00,,4:00,4:00,Tue: BETPA>TOMVA>BETPA Wed: BETPA>NEWPA>EZRPA>ALLPA>BETPA Fri: BETPA>NEWPA>BETPA Sat: BETPA>EZRPA>NCTPA>BETPA>CMPPA>ZRRPA>BETPA,NEWPA
BEN3,,,3:00,3:00,,4:00,4:00,Tue: BETPA>NEWPA>BETPA Wed: BETPA>NEWPA>EZRPA>BETPA Fri: BETPA>HBGRR>EZRPA>BETPA Sat: BETPA>NWTVA>BETPA,NEWPA
BSS2,,,3:15,3:15,3:15,3:15,3:45,Tue-Sat: BETPA>SYRNY>BETPA,SYRNY
BNE1,,,3:15,3:15,3:15,3:15,,"Tue, Thu: BETPA>NEWPA>EZRPA>BETPA Wed: BETPA>NEWPA>CRLPA>BETPA Fri: BETPA>NEWPA>BETPA",NEWPA
BHP2,,,3:15,3:15,3:15,3:15,,Tue: BETPA>BOMD>HALMD>BETPA Wed: BETPA>BOMD>BALMD>NWTVA>BETPA Thu-Fri: BETPA>EZRPA>BETPA>TEN1>BETPA,BALMD NWTVA
BHR1,,,3:15,3:15,3:15,3:15,3:15,Tue-Thu: BETPA>HARDE>BETPA>NCTPA>BETPA Fri: BETPA>HARDE>BETPA>UNXPA>BETPA Sat: BETPA>HARDE>BETPA>TEN1>BETPA,HARDE
BNW1,,,3:15,3:15,3:15,3:15,3:15,Tue-Fri: BETPA>NWCDE>CHRDE>BETPA>RDG1>BETPA Sat: BETPA>NWCDE>CHRDE>BETPA>TEN1>BETPA,CHRDE
